Código IBGE do Município;Nome do Município;Estado;ID da Estação;Nome da Estação;Item medido;Status da estação;Tipo da estação;Latitude;Longitude;no_fonte_dados;
2905701;Camaçari;BA;182;AREIAS;SO₂;Em Operação;Automática;-12,801148;-38,223966;CETREL e Inema;
2905701;Camaçari;BA;184;MACHADINHO;CH, CO, DV, NH₃, NO, NO₂, NOx, O₃, PRESS, RAD, SO₂, TEMP, U, VV;Em Operação;Automática;-12,756957;-38,284080;CETREL e Inema;
2905701;Camaçari;BA;185;CÂMARA;DV, NO, NO₂, NOx, O₃, SO₂, VV;Em Operação;Automática;-12,706030;-38,321377;CETREL e Inema;
2905701;Camaçari;BA;187;GRAVATÁ;CH, CH₄, CO, DV, ERT, HCT, MP₁₀, NH₃, NO, NO₂, NOx, PRESS, RAD, SO₂, TEMP, U, VV;Em Operação;Automática;-12,686376;-38,333604;CETREL e Inema;
2910057;Dias d'Ávila;BA;181;ESCOLA;CH, DV, ERT, NH₃, NO, NO₂, NOx, O₃, PRESS, SO₂, TEMP, U, VV;Em Operação;Automática;-12,635318;-38,273178;CETREL e Inema;
2910057;Dias d'Ávila;BA;183;CONCÓRDIA;DV, ERT, MP₁₀, NO, NO₂, NOx, SO₂, VV;Em Operação;Automática;-12,604052;-38,325606;CETREL e Inema;
2910057;Dias d'Ávila;BA;186;FUTURAMA I;ERT, SO₂;Em Operação;Automática;-12,668989;-38,371572;CETREL e Inema;
2910057;Dias d'Ávila;BA;188;LEANDRINHO;CH₄, DV, ERT, HCT, MP₂,₅, MP₁₀, NO, NO₂, NOx, SO₂, VV;Em Operação;Automática;-12,641589;-38,374871;CETREL e Inema;
2910057;Dias d'Ávila;BA;190;COBRE;SO₂;Em Operação;Automática;-12,630256;-38,358528;CETREL e Inema;
2929503;São Sebastião do Passé;BA;189;LAMARÃO;CH, DV, ERT, NO, NO₂, NOx, O₃, PRESS, RAD, SO₂, TEMP, U, VV;Em Operação;Automática;-12,595482;-38,398561;CETREL e Inema;
3105707;Barra Longa;MG;88; Volta da Capela;MP₂,₅, MP₁₀, PTS;Em Operação;Automática;-20,287764;-43,054911;Fundação Estadual do Meio Ambiente - FEAM;
3105707;Barra Longa;MG;93; Gesteira;MP₂,₅, MP₁₀;Em Operação;Automática;-20,257208;-43,124397;Fundação Estadual do Meio Ambiente - FEAM;
3105707;Barra Longa;MG;99; Barra Longa Centro;MP₂,₅, MP₁₀, PTS;Em Operação;Automática;-20,282569;-43,040342;Fundação Estadual do Meio Ambiente - FEAM;
3106200;Belo Horizonte;MG;71;PUC Barreiro;CO, MP₂,₅, MP₁₀;Em Operação;Automática;-19,976002;-44,025094;Fundação Estadual do Meio Ambiente - FEAM;
3106200;Belo Horizonte;MG;72;PUC São Gabriel;CO, MP₂,₅, MP₁₀;Em Operação;Automática;-19,858020;-43,918451;Fundação Estadual do Meio Ambiente - FEAM;
3106200;Belo Horizonte;MG;73;Centro Av. do Contorno;CO, MP₂,₅, MP₁₀;Em Operação;Automática;-19,913322;-43,935744;Fundação Estadual do Meio Ambiente - FEAM;
3106705;Betim;MG;68;Centro Administrativo Betim;CO, MP₂,₅, MP₁₀;Em Operação;Automática;-19,968933;-44,207222;Fundação Estadual do Meio Ambiente - FEAM;
3106705;Betim;MG;69;Petrovale;CO, MP₂,₅, MP₁₀;Em Operação;Automática;-19,994425;-44,111125;Fundação Estadual do Meio Ambiente - FEAM;
3106705;Betim;MG;74;Alterosa;CO, MP₂,₅, MP₁₀;Em Operação;Automática;-19,947573;-44,160850;Fundação Estadual do Meio Ambiente - FEAM;
3109006;Brumadinho;MG;94;Estação Parque da Cachoeira;MP₂,₅, MP₁₀, PTS;Em Operação;Automática;-20,144450;-44,157889;Fundação Estadual do Meio Ambiente - FEAM;
3109006;Brumadinho;MG;95;Estação E.M. Pe. Vicente Assunção;MP₂,₅, MP₁₀, PTS;Em Operação;Automática;-20,147897;-44,199894;Fundação Estadual do Meio Ambiente - FEAM;
3109006;Brumadinho;MG;103; Comunidade do Feijão;MP₂,₅, MP₁₀, PTS;Em Operação;Automática;-20,135869;-44,108942;Fundação Estadual do Meio Ambiente - FEAM;
3117504;Conceição do Mato Dentro;MG;77;Aeroporto CMD;MP₂,₅, MP₁₀, PTS;Em Operação;Automática;-19,021111;-43,434119;Fundação Estadual do Meio Ambiente - FEAM;
3117504;Conceição do Mato Dentro;MG;78;Córregos;MP₂,₅, MP₁₀, PTS;Em Operação;Automática;-18,885847;-43,501547;Fundação Estadual do Meio Ambiente - FEAM;
3117504;Conceição do Mato Dentro;MG;79;Sapo;MP₂,₅, MP₁₀, PTS;Em Operação;Automática;-18,925000;-43,399639;Fundação Estadual do Meio Ambiente - FEAM;
3118007;Congonhas;MG;76;Jardim Profeta;MP₁₀, PTS;Em Operação;Automática;-20,521019;-43,829539;Fundação Estadual do Meio Ambiente - FEAM;
3118007;Congonhas;MG;80;Lobo Leite;CO, MP₂,₅, MP₁₀, PTS;Em Operação;Automática;-20,518611;-43,795556;Fundação Estadual do Meio Ambiente - FEAM;
3118007;Congonhas;MG;92;Novo Plataforma;MP₂,₅, MP₁₀, PTS;Em Operação;Automática;-20,488561;-43,861511;Fundação Estadual do Meio Ambiente - FEAM;
3118007;Congonhas;MG;96; Matriz;MP₂,₅, MP₁₀, PTS;Em Operação;Automática;-20,500422;-43,855777;Fundação Estadual do Meio Ambiente - FEAM;
3118007;Congonhas;MG;104;Basílica;MP₂,₅, MP₁₀, NO, NO₂, NOx, O₃, PTS, SO₂;Em Operação;Automática;-20,515167;-43,861000;Fundação Estadual do Meio Ambiente - FEAM;
3118007;Congonhas;MG;108; Pires;MP₁₀, PTS;Em Operação;Automática;-20,447083;-43,841188;Fundação Estadual do Meio Ambiente - FEAM;
3119401;Coronel Fabriciano;MG;81;SENAC Vale do Aço;MP₂,₅, MP₁₀;Em Operação;Automática;-19,530986;-42,627828;Fundação Estadual do Meio Ambiente - FEAM;
3129806;Ibirité;MG;70;Piratininga;CO, MP₂,₅, MP₁₀;Em Operação;Automática;-20,003964;-44,059692;Fundação Estadual do Meio Ambiente - FEAM;
3129806;Ibirité;MG;75;Cascata;CO, MP₂,₅, MP₁₀;Em Operação;Automática;-19,987609;-44,086293;Fundação Estadual do Meio Ambiente - FEAM;
3131307;Ipatinga;MG;82;Bom Retiro;CO, MP₂,₅, MP₁₀, PTS;Em Operação;Automática;-19,509574;-42,557058;Fundação Estadual do Meio Ambiente - FEAM;
3131307;Ipatinga;MG;83;Veneza;CO, MP₂,₅, MP₁₀, PTS;Em Operação;Automática;-19,467177;-42,525030;Fundação Estadual do Meio Ambiente - FEAM;
3131307;Ipatinga;MG;86;Cidade Nobre;CO, MP₂,₅, MP₁₀, PTS;Em Operação;Automática;-19,461172;-42,560206;Fundação Estadual do Meio Ambiente - FEAM;
3131307;Ipatinga;MG;91;Cariru;CO, MP₂,₅, MP₁₀, PTS;Em Operação;Automática;-19,491367;-42,528739;Fundação Estadual do Meio Ambiente - FEAM;
3131703;Itabira;MG;84;Major Lage;MP₂,₅, MP₁₀, PTS;Em Operação;Automática;-19,635967;-43,237448;Fundação Estadual do Meio Ambiente - FEAM;
3131703;Itabira;MG;90;Pará;MP₂,₅, MP₁₀, PTS;Em Operação;Automática;-19,619444;-43,230791;Fundação Estadual do Meio Ambiente - FEAM;
3131703;Itabira;MG;101;Panorama;MP₂,₅, MP₁₀, PTS;Em Operação;Automática;-19,634472;-43,221972;Fundação Estadual do Meio Ambiente - FEAM;
3131703;Itabira;MG;105;Félix;MP₂,₅, MP₁₀, PTS;Em Operação;Automática;-19,654166;-43,237411;Fundação Estadual do Meio Ambiente - FEAM;
3140001;Mariana;MG;106; Paracatu de Baixo;MP₂,₅, MP₁₀;Em Operação;Automática;-20,306388;-43,229808;Fundação Estadual do Meio Ambiente - FEAM;
3146107;Ouro Preto;MG;107; Motas;MP₁₀, PTS;Em Operação;Automática;-20,441852;-43,828958;Fundação Estadual do Meio Ambiente - FEAM;
3147006;Paracatu;MG;61;Copasa;MP₁₀, PTS;Em Operação;Automática;-17,205439;-46,874334;Fundação Estadual do Meio Ambiente - FEAM;
3147006;Paracatu;MG;62;Lagoa Trindade Rodrigues;MP₁₀, PTS;Em Operação;Automática;-17,150490;-46,833272;Fundação Estadual do Meio Ambiente - FEAM;
3147006;Paracatu;MG;63;São Domingos;PTS;Em Operação;Automática;-17,198310;-46,858940;Fundação Estadual do Meio Ambiente - FEAM;
3147006;Paracatu;MG;64;Sérgio Ulhoa;MP₂,₅, MP₁₀;Em Operação;Automática;-17,225024;-46,875604;Fundação Estadual do Meio Ambiente - FEAM;
3147006;Paracatu;MG;65;Clube do União;PTS;Em Operação;Automática;-17,215682;-46,886658;Fundação Estadual do Meio Ambiente - FEAM;
3151206;Pirapora;MG;89;FUNAM;MP₁₀;Em Operação;Automática;-17,330517;-44,926832;Fundação Estadual do Meio Ambiente - FEAM;
3151206;Pirapora;MG;301;SAAE;MP₁₀;Em Operação;Automática;-17,353075;-44,949927;Fundação Estadual do Meio Ambiente - FEAM;
3155009;Rio Doce;MG;87; Santana do Deserto;MP₂,₅, MP₁₀;Em Operação;Automática;-20,198164;-42,834317;Fundação Estadual do Meio Ambiente - FEAM;
3155009;Rio Doce;MG;100; Rio Doce;MP₂,₅, MP₁₀;Em Operação;Automática;-20,246633;-42,896023;Fundação Estadual do Meio Ambiente - FEAM;
3157401;Santa Cruz do Escalvado;MG;102; Novo Soberbo;MP₂,₅, MP₁₀;Em Operação;Automática;-20,250362;-42,878670;Fundação Estadual do Meio Ambiente - FEAM;
3162955;São José da Lapa;MG;66;Centro;MP₂,₅, MP₁₀;Em Operação;Automática;-19,700170;-43,960196;Fundação Estadual do Meio Ambiente - FEAM;
3162955;São José da Lapa;MG;67;Célvia;MP₂,₅, MP₁₀;Em Operação;Automática;-19,697003;-43,938147;Fundação Estadual do Meio Ambiente - FEAM;
3162955;São José da Lapa;MG;10041;Jardim Encantado;MP₂,₅, MP₁₀;Em Manutenção;Automática;-19,712501;-43,968865;Fundação Estadual do Meio Ambiente - FEAM;
3162955;São José da Lapa;MG;10521;Filhinha Gama;MP₂,₅, MP₁₀;Em Manutenção;Automática;-19,713181;-43,964092;Fundação Estadual do Meio Ambiente - FEAM;
3168705;Timóteo;MG;85;Escola Semetinha;MP₂,₅, MP₁₀;Em Operação;Automática;-19,536761;-42,671839;Fundação Estadual do Meio Ambiente - FEAM;
3168705;Timóteo;MG;97;SENAI/CFP;MP₁₀, PTS;Em Operação;Automática;-19,536944;-43,913889;Fundação Estadual do Meio Ambiente - FEAM;
3168705;Timóteo;MG;98;Cecília Meireles;MP₂,₅, MP₁₀;Em Operação;Automática;-19,547203;-42,656636;Fundação Estadual do Meio Ambiente - FEAM;
3168705;Timóteo;MG;109;Hospital Vital Brazil;MP₂,₅;Em Operação;Automática;-19,550103;-42,644122;Fundação Estadual do Meio Ambiente - FEAM;
3201308;Cariacica;ES;28;RAMQAr 8 - Vila Capixaba;CO, NO₂;Em Operação;Automática;-20,342010;-40,402180;Instituto de Meio Ambiente e Recursos Hídricos do Espírito Santo (IEMA);
3205002;Serra;ES;21;RAMQAr 1 - Laranjeiras;CO, NO₂, O₃;Em Operação;Automática;-20,196140;-40,245210;Instituto de Meio Ambiente e Recursos Hídricos do Espírito Santo (IEMA);
3205002;Serra;ES;22;RAMQAr 2 - Carapina;MP₁₀;Em Operação;Automática;-20,232200;-40,254890;Instituto de Meio Ambiente e Recursos Hídricos do Espírito Santo (IEMA);
3205002;Serra;ES;29;RAMQAr 9 - Cidade Continental;NO₂, SO₂;Em Operação;Automática;-20,220620;-40,227670;Instituto de Meio Ambiente e Recursos Hídricos do Espírito Santo (IEMA);
3205200;Vila Velha;ES;26;RAMQAr 6 - Vila Velha - IBES;CO, MP₁₀, NO₂, O₃, SO₂;Em Operação;Automática;-20,348650;-40,317420;Instituto de Meio Ambiente e Recursos Hídricos do Espírito Santo (IEMA);
3205200;Vila Velha;ES;27;RAMQAr 7 - Vila Velha  - Centro;MP₁₀;Em Operação;Automática;-20,337030;-40,290210;Instituto de Meio Ambiente e Recursos Hídricos do Espírito Santo (IEMA);
3205309;Vitória;ES;23;RAMQAr 3 - Jardim Camburi;NO₂, SO₂;Em Operação;Automática;-20,255140;-40,269670;Instituto de Meio Ambiente e Recursos Hídricos do Espírito Santo (IEMA);
3205309;Vitória;ES;24;RAMQAr 4 - Enseada do Suá;MP₂,₅, MP₁₀, NO₂, O₃, SO₂;Em Operação;Automática;-20,313300;-40,290690;Instituto de Meio Ambiente e Recursos Hídricos do Espírito Santo (IEMA);
3205309;Vitória;ES;25;RAMQAr 5 - Vitória - Centro;CO, MP₁₀, NO₂, SO₂, ;Em Operação;Automática;-20,320700;-40,332970;Instituto de Meio Ambiente e Recursos Hídricos do Espírito Santo (IEMA);
3304557;Rio de Janeiro;RJ;381;Centro;CH, CO, DV, MP₁₀, O₃, PRESS, RAD, TEMP, TEMPI, UR, VV;Em Operação;Automática;-22,908400;-43,179500;Prefeitura do Rio de Janeiro – PCRJ/SMAC;
3304557;Rio de Janeiro;RJ;382;Campo Grande;CH₄, CO, DV, HCnM, HCT, MP₁₀, NO, NO₂, NOx, O₃, PRESS, RAD, SO₂, TEMP, TEMPI, UR, VV;Em Operação;Automática;-22,886200;-43,556700;Prefeitura do Rio de Janeiro – PCRJ/SMAC;
3304557;Rio de Janeiro;RJ;383;Irajá;CH₄, CO, DV, HCnM, HCT, MP₂,₅, MP₁₀, NO, NO₂, NOx, O₃, PRESS, RAD, SO₂, TEMP, TEMPI, UR, VV;Em Operação;Automática;-22,831600;-43,326900;Prefeitura do Rio de Janeiro – PCRJ/SMAC;
3304557;Rio de Janeiro;RJ;384;Pedra de Guaratiba;DV, MP₁₀, O₃, PRESS, RAD, TEMP, TEMPI, UR, VV;Em Operação;Automática;-23,004400;-43,629100;Prefeitura do Rio de Janeiro – PCRJ/SMAC;
3304557;Rio de Janeiro;RJ;385;São Cristóvão;CH, CO, DV, MP₁₀, O₃, PRESS, RAD, SO₂, TEMP, TEMPI, UR, VV;Em Operação;Automática;-22,896100;-43,221200;Prefeitura do Rio de Janeiro – PCRJ/SMAC;
3304557;Rio de Janeiro;RJ;386;Tijuca;CH, CO, DV, MP₁₀, NO, NO₂, NOx, O₃, PRESS, RAD, SO₂, TEMP, TEMPI, UR, VV;Em Operação;Automática;-22,924400;-43,232600;Prefeitura do Rio de Janeiro – PCRJ/SMAC;
3304557;Rio de Janeiro;RJ;387;Bangu;CH₄, DV, HCnM, HCT, MP₁₀, NO, NO₂, NOx, O₃, PRESS, RAD, SO₂, TEMP, TEMPI, UR, VV;Em Operação;Automática;-22,887900;-43,471100;Prefeitura do Rio de Janeiro – PCRJ/SMAC;
3304557;Rio de Janeiro;RJ;401;Copacabana;CH, CO, DV, MP₁₀, O₃, PRESS, RAD, TEMP, TEMPI, UR, VV;Em Operação;Automática;-22,964900;-43,180700;Prefeitura do Rio de Janeiro – PCRJ/SMAC;
3501608;Americana;SP;174;Americana;MP₁₀, O₃;Em Operação;Automática;-22,724507;-47,347456;Companhia Ambiental do Estado de São Paulo - CETESB;
3502804;Araçatuba;SP;142;Araçatuba;MP₁₀, O₃;Em Operação;Automática;-21,186841;-50,439317;Companhia Ambiental do Estado de São Paulo - CETESB;
3503208;Araraquara;SP;141;Araraquara;MP₁₀, NO₂, O₃;Em Operação;Automática;-21,782522;-48,185832;Companhia Ambiental do Estado de São Paulo - CETESB;
3506003;Bauru;SP;143;Bauru;MP₁₀, NO₂, O₃;Em Operação;Automática;-22,326608;-49,092759;Companhia Ambiental do Estado de São Paulo - CETESB;
3509502;Campinas;SP;132;Campinas-Centro;CO, MP₁₀;Em Operação;Automática;-22,902525;-47,057211;Companhia Ambiental do Estado de São Paulo - CETESB;
3509502;Campinas;SP;165;Campinas-V.União;MP₂,₅, O₃;Em Operação;Automática;-22,946728;-47,119281;Companhia Ambiental do Estado de São Paulo - CETESB;
3509502;Campinas;SP;166;Campinas-Taquaral;MP₁₀, O₃;Em Operação;Automática;-22,874619;-47,058973;Companhia Ambiental do Estado de São Paulo - CETESB;
3510609;Carapicuíba;SP;158;Carapicuíba;CO, MP₁₀, O₃;Em Operação;Automática;-23,531395;-46,835780;Companhia Ambiental do Estado de São Paulo - CETESB;
3511102;Catanduva;SP;153;Catanduva;MP₁₀, O₃;Em Operação;Automática;-21,141943;-48,983075;Companhia Ambiental do Estado de São Paulo - CETESB;
3513504;Cubatão;SP;124;Cubatão-V.Parisi;MP₁₀, NO₂, SO₂;Em Operação;Automática;-23,849416;-46,388676;Companhia Ambiental do Estado de São Paulo - CETESB;
3513504;Cubatão;SP;130;Cubatão-Centro;MP₁₀, NO₂, O₃, SO₂;Em Operação;Automática;-23,879027;-46,418483;Companhia Ambiental do Estado de São Paulo - CETESB;
3513504;Cubatão;SP;151;Cubatão-Vale do Mogi;MP₁₀, NO₂, O₃, SO₂;Em Operação;Automática;-23,831589;-46,369569;Companhia Ambiental do Estado de São Paulo - CETESB;
3513801;Diadema;SP;134;Diadema;MP₁₀, O₃;Em Operação;Automática;-23,685876;-46,611622;Companhia Ambiental do Estado de São Paulo - CETESB;
3518404;Guaratinguetá;SP;173;Guaratinguetá;MP₂,₅, MP₁₀, NO₂, O₃ ;Em Operação;Automática;-22,801917;-45,191122;Companhia Ambiental do Estado de São Paulo - CETESB;
3518800;Guarulhos;SP;159;Guarulhos-Paço Municipal;MP₂,₅, MP₁₀, O₃;Em Operação;Automática;-23,455534;-46,518533;Companhia Ambiental do Estado de São Paulo - CETESB;
3518800;Guarulhos;SP;168;Guarulhos-Pimentas;MP₂,₅, MP₁₀, NO₂, O₃, SO₂;Em Operação;Automática;-23,440117;-46,409949;Companhia Ambiental do Estado de São Paulo - CETESB;
3524402;Jacareí;SP;155;Jacareí;MP₁₀, NO₂, O₃;Em Operação;Automática;-23,294199;-45,968234;Companhia Ambiental do Estado de São Paulo - CETESB;
3525300;Jaú;SP;145;Jaú;MP₁₀, O₃;Em Operação;Automática;-22,298620;-48,567457;Companhia Ambiental do Estado de São Paulo - CETESB;
3525904;Jundiaí;SP;144;Jundiaí;MP₂,₅, MP₁₀, NO₂, O₃;Em Operação;Automática;-23,192004;-46,897097;Companhia Ambiental do Estado de São Paulo - CETESB;
3526902;Limeira;SP;170;Limeira;MP₂,₅, MP₁₀, NO₂, O₃;Em Operação;Automática;-22,563604;-47,414314;Companhia Ambiental do Estado de São Paulo - CETESB;
3529005;Marília;SP;146;Marília;MP₁₀, O₃;Em Operação;Automática;-22,199809;-49,959970;Companhia Ambiental do Estado de São Paulo - CETESB;
3529401;Mauá;SP;123;Mauá;MP₂,₅, MP₁₀, O₃;Em Operação;Automática;-23,668549;-46,466000;Companhia Ambiental do Estado de São Paulo - CETESB;
3534401;Osasco;SP;152;Osasco;CO, MP₂,₅, MP₁₀, NO₂, SO₂;Em Operação;Automática;-23,526721;-46,792078;Companhia Ambiental do Estado de São Paulo - CETESB;
3536505;Paulínia;SP;150;Paulínia;MP₁₀, O₃, SO₂;Em Operação;Automática;-22,772321;-47,154843;Companhia Ambiental do Estado de São Paulo - CETESB;
3536505;Paulínia;SP;175;Paulínia-Sta Terezinha;MP₂,₅, MP₁₀, O₃, SO₂;Em Operação;Automática;-22,780209;-47,139036;Companhia Ambiental do Estado de São Paulo - CETESB;
3538709;Piracicaba;SP;147;Piracicaba;MP₂,₅, MP₁₀, O₃;Em Operação;Automática;-22,701222;-47,649653;Companhia Ambiental do Estado de São Paulo - CETESB;
3541406;Presidente Prudente;SP;148;Presidente Prudente;MP₁₀, NO₂, O₃;Em Operação;Automática;-22,119937;-51,408777;Companhia Ambiental do Estado de São Paulo - CETESB;
3543402;Ribeirão Preto;SP;172;Ribeirão Preto;MP₂,₅, MP₁₀, O₃;Em Operação;Automática;-21,177066;-47,818988;Companhia Ambiental do Estado de São Paulo - CETESB;
3543907;Rio Claro;SP;176;Rio Claro-Jd.Guanabara;MP₂,₅, MP₁₀, O₃;Em Operação;Automática;-22,439044;-47,581473;Companhia Ambiental do Estado de São Paulo - CETESB;
3546702;Santa Gertrudes;SP;164;Santa Gertrudes;MP₂,₅, MP₁₀;Em Operação;Automática;-22,459955;-47,536298;Companhia Ambiental do Estado de São Paulo - CETESB;
3547809;Santo André;SP;122;Santo Amaro;CO, MP₁₀, O₃;Desativado;Automática;-23,654977;-46,709998;Companhia Ambiental do Estado de São Paulo - CETESB;
3547809;Santo André;SP;139;S.André-Capuava;MP₁₀, NO₂, O₃, SO₂;Em Operação;Automática;-23,639804;-46,491637;Companhia Ambiental do Estado de São Paulo - CETESB;
3548500;Santos;SP;156;Santos-Ponta da Praia;MP₂,₅, MP₁₀, NO₂, O₃, SO₂;Em Operação;Automática;-23,981295;-46,300510;Companhia Ambiental do Estado de São Paulo - CETESB;
3548500;Santos;SP;321;Santos;MP₁₀, O₃;Em Operação;Automática;-23,963057;-46,321170;Companhia Ambiental do Estado de São Paulo - CETESB;
3548708;São Bernardo do Campo;SP;163;S.Bernardo-Centro;MP₂,₅, NO₂, O₃;Em Operação;Automática;-23,698671;-46,546232;Companhia Ambiental do Estado de São Paulo - CETESB;
3548708;São Bernardo do Campo;SP;201;S.Bernardo-Paulicéia;MP₁₀;Em Operação;Automática;-23,671354;-46,584668;Companhia Ambiental do Estado de São Paulo - CETESB;
3548807;São Caetano do Sul;SP;129;São Caetano do Sul;CO, MP₂,₅, MP₁₀, NO₂, O₃;Em Operação;Automática;-23,618443;-46,556354;Companhia Ambiental do Estado de São Paulo - CETESB;
3549805;São José do Rio Preto;SP;149;São José do Rio Preto;MP₂,₅, MP₁₀, NO₂, O₃;Em Operação;Automática;-20,784689;-49,398278;Companhia Ambiental do Estado de São Paulo - CETESB;
3549904;São José dos Campos;SP;131;S.José Campos;BENZENO, MP₁₀, NO₂, O₃, SO₂;Em Operação;Automática;-23,187887;-45,871198;Companhia Ambiental do Estado de São Paulo - CETESB;
3549904;São José dos Campos;SP;167;S.José Campos-Jd.Satelite;CO, MP₂,₅, MP₁₀, NO₂, O₃;Em Operação;Automática;-23,223645;-45,890800;Companhia Ambiental do Estado de São Paulo - CETESB;
3550308;São Paulo;SP;121;Santana;MP₂,₅, O₃;Em Operação;Automática;-23,505993;-46,628960;Companhia Ambiental do Estado de São Paulo - CETESB;
3550308;São Paulo;SP;125;Parque D.Pedro II;MP₂,₅, MP₁₀, NO₂, O₃;Em Operação;Automática;-23,544846;-46,627676;Companhia Ambiental do Estado de São Paulo - CETESB;
3550308;São Paulo;SP;126;Congonhas;CO, MP₂,₅, MP₁₀, NO₂, SO₂;Em Operação;Automática;-23,616320;-46,663466;Companhia Ambiental do Estado de São Paulo - CETESB;
3550308;São Paulo;SP;127;Ibirapuera;CO, MP₂,₅, NO₂, O₃;Em Operação;Automática;-23,591842;-46,660688;Companhia Ambiental do Estado de São Paulo - CETESB;
3550308;São Paulo;SP;128;Mooca;CO, MP₂,₅, O₃;Em Operação;Automática;-23,549734;-46,600417;Companhia Ambiental do Estado de São Paulo - CETESB;
3550308;São Paulo;SP;133;Cerqueira César;CO, MP₁₀, NO₂, SO₂;Em Operação;Automática;-23,553543;-46,672705;Companhia Ambiental do Estado de São Paulo - CETESB;
3550308;São Paulo;SP;135;Cid.Universitária-USP-Ipen;MP₂,₅, O₃;Em Operação;Automática;-23,566342;-46,737414;Companhia Ambiental do Estado de São Paulo - CETESB;
3550308;São Paulo;SP;136;N.Senhora do Ó;MP₁₀, O₃;Em Operação;Automática;-23,480099;-46,692052;Companhia Ambiental do Estado de São Paulo - CETESB;
3550308;São Paulo;SP;137;Grajaú-Parelheiros;MP₂,₅, MP₁₀, O₃;Em Operação;Automática;-23,776266;-46,696961;Companhia Ambiental do Estado de São Paulo - CETESB;
3550308;São Paulo;SP;138;Pinheiros;CO, MP₂,₅, MP₁₀, NO₂, O₃;Em Operação;Automática;-23,561460;-46,702017;Companhia Ambiental do Estado de São Paulo - CETESB;
3550308;São Paulo;SP;157;Interlagos;MP₁₀, NO₂, O₃;Em Operação;Automática;-23,680508;-46,675043;Companhia Ambiental do Estado de São Paulo - CETESB;
3550308;São Paulo;SP;160;Itaim Paulista;MP₂,₅, MP₁₀, O₃;Em Operação;Automática;-23,501547;-46,420737;Companhia Ambiental do Estado de São Paulo - CETESB;
3550308;São Paulo;SP;161;Capão Redondo;MP₁₀, O₃;Em Operação;Automática;-23,668356;-46,780043;Companhia Ambiental do Estado de São Paulo - CETESB;
3550308;São Paulo;SP;162;Marg.Tietê-Pte Remédios;CO, MP₂,₅, MP₁₀, NO₂, SO₂;Em Operação;Automática;-23,518706;-46,743320;Companhia Ambiental do Estado de São Paulo - CETESB;
3550308;São Paulo;SP;171;Pico do Jaraguá;MP₂,₅, NO₂, O₃;Em Operação;Automática;-23,456269;-46,766098;Companhia Ambiental do Estado de São Paulo - CETESB;
3550308;São Paulo;SP;221;Itaquera;O₃;Em Operação;Automática;-23,580015;-46,466651;Companhia Ambiental do Estado de São Paulo - CETESB;
3550308;São Paulo;SP;241;Perus;MP₂,₅, MP₁₀, O₃;Em Operação;Automática;-23,413210;-46,756054;Companhia Ambiental do Estado de São Paulo - CETESB;
3552205;Sorocaba;SP;281;Sorocaba;MP₁₀, NO₂, O₃;Em Operação;Automática;-23,502427;-47,479030;Companhia Ambiental do Estado de São Paulo - CETESB;
3552809;Taboão da Serra;SP;140;Taboão da Serra;CO, MP₁₀;Em Operação;Automática;-23,609324;-46,758294;Companhia Ambiental do Estado de São Paulo - CETESB;
3554003;Tatuí;SP;154;Tatuí;MP₁₀, O₃;Em Operação;Automática;-23,360752;-47,870799;Companhia Ambiental do Estado de São Paulo - CETESB;
3554102;Taubaté;SP;169;Taubaté;MP₂,₅, MP₁₀, O₃, NO₂;Em Operação;Automática;-23,032351;-45,575805;Companhia Ambiental do Estado de São Paulo - CETESB;
4101804;Araucária;PR;126594;CSN;NO₂, O₃, PTS, SO₂;Em Operação;Automática;-25,569257;-49,382610;Instituto de Águas e Terras - Secretaria Meio Ambiente - PR (SEMA);
4101804;Araucária;PR;126596;REPAR;CO, MP₁₀, NO₂, O₃, MP₂,₅, SO₂;Em Operação;Automática;-25,553181;-49,391096;Instituto de Águas e Terras - Secretaria Meio Ambiente - PR (SEMA);
4106902;Curitiba;PR;126593;CIC;CO, MP₁₀, NO₂, MP₂,₅;Em Operação;Automática;-25,497588;-49,340368;Instituto de Águas e Terras - Secretaria Meio Ambiente - PR (SEMA);
4119905;Ponta Grossa;PR;126595;PONTA GROSSA;MP₁₀, NO₂, O₃, PTS;Em Operação;Automática;-25,094464;-50,153725;Instituto de Águas e Terras - Secretaria Meio Ambiente - PR (SEMA);
4125605;São Mateus do Sul;PR;126597;PETROSIX;CO, MP₁₀, NO₂, O₃, PTS, SO₂;Em Operação;Automática;-25,858985;-50,408212;Instituto de Águas e Terras - Secretaria Meio Ambiente - PR (SEMA);
4304606;Canoas;RS;41;CANOAS/PARQUE UNIVERSITÁRIO;CO, MP₁₀, NO₂, O₃, SO₂;Em Operação;Automática;-29,883300;-51,144800;Fundação Estadual de Proteção Ambiental Henrique Luiz Roessler - FEPAM;
4307708;Esteio;RS;261;ESTEIO/PARQUE DE EXPOSIÇÃO;CO, MP₁₀, NO₂, O₃, SO₂;Em Operação;Automática;-29,854900;-51,181100;Fundação Estadual de Proteção Ambiental Henrique Luiz Roessler - FEPAM;
4309209;Gravataí;RS;42;GRAVATAÍ/CONDOMÍNIO JARDIM TIMBAÚVA;MP₁₀, NO₂, O₃;Em Operação;Automática;-29,923800;-50,987500;Fundação Estadual de Proteção Ambiental Henrique Luiz Roessler - FEPAM;
4309308;Guaíba;RS;43;GUAÍBA/PARQUE 35;CO, MP₁₀, NO₂, O₃, SO₂;Em Operação;Automática;-30,113800;-51,332000;Fundação Estadual de Proteção Ambiental Henrique Luiz Roessler - FEPAM;
4315602;Rio Grande;RS;43781;RIO GRANDE/MOVEL;CO, MP₁₀, NO₂, O₃, SO₂;Em Operação;Automática;-32,069800;-52,094700;Fundação Estadual de Proteção Ambiental Henrique Luiz Roessler - FEPAM;
4322004;Triunfo;RS;44;TRIUNFO/POLO PETROQUÍMICO/MÓVEL;CO, MP₁₀, NO₂, O₃, SO₂;Em Operação;Automática;-29,877300;-51,409100;Fundação Estadual de Proteção Ambiental Henrique Luiz Roessler - FEPAM;
5008305;Três Lagoas;MS;341;Estação de Monitoramento - Eldorado Brasil Celulose S.A.;CH, CO, DV, MP₁₀, NO, NO₂, NOx, O₃, PRESS, PTS, UR, VV;Em Operação;Automática;-20,763459;-51,693204;Instituto do Meio Ambiente do Mato Grosso do Sul - IMASUL;
5008305;Três Lagoas;MS;24521;Estação Metereológica e Qualidade do Ar - Petrobras - UTE;CO, DV, NO, NO₂, NOx, O₃, TEMP, UR, VV;Em Operação;Automática;-20,777988;-51,692120;Instituto do Meio Ambiente do Mato Grosso do Sul - IMASUL;
5008305;Três Lagoas;MS;43801;Estação de Monitoramento - Suzano TLS1-VCPTL - Três Lagoas;CH, CO, DV, H₂S, NO, NO₂, NOx, O₃, RAD, SO₂, VV;Em Operação;Automática;-20,808282;-51,717520;Instituto do Meio Ambiente do Mato Grosso do Sul - IMASUL;
